作为信息社会的支柱产业，XXX是一款由Kyocera(京瓷)公司推出的YYY。,Kyocera(京瓷)公司开发了一款面向工业应用的Thin Film Transistor(薄膜场效应晶体管)，型号为XXX，主要应用于YYY。,日本Kyocera(京瓷)公司推出了主要针对工业化集成应用的YYY，型号为XXX。,为了适应工业自动化的需求，Kyocera(京瓷)公司推出了一款应用于YYY的型号为XXX的TTF。,作为一款YYY，XXX是由日本Kyocera(京瓷)公司推出的高性能的Thin Film Transistor(薄膜场效应晶体管)。,XXX是一款针对于YYY应用的薄膜场效应晶体管，由日本Kyocera(京瓷)公司研发并已投入工业化应用。,
非触摸薄膜晶体管液晶显示器,非触摸车载显示器,非触摸单色字符型LCD液晶显示模块,非触摸单色图像点阵LCD液晶显示模块,,,
该款液晶显示器制造技术的自动化程度高，大规模工业化生产特性好。,易于集成化和更新换代，是大规模半导体集成电路技术和光源技术的完美结合，发展潜力巨大。,无辐射、无闪烁，对使用者的健康无损害，同时使用寿命长，排除了频繁更换维修的烦恼。,低驱动电压，固体化使用提高了系统的安全性和可靠性。具有高响应度、高亮度、高对比度等优点。,平板化设计，小巧轻薄，节省了大量原材料和使用空间，适用于高密度集成电路。,规格型号、尺寸系列化，品种多样，使用方便灵活，同时便于维修、更新与升级。,它的功耗约为同类crt显示器的十分之一，从而节省了大量的能源，积极响应工业物联网的高需求。
作为一款YYY寸显示器，XXX具有ZZZ的分辨率，,XXX是一款YYY寸的液晶显示器，分辨率为ZZZ，,XXX设计分辨率为ZZZ，是一款YYY寸的液晶显示器，,,,,
是一款半透液晶屏，可以有背光源，也可以不加背光源。屏幕背面带有镜面反光膜，背光亮度自动适应户外环境，兼具反射型液晶屏在强环境光下的阅读能力与全透型液晶屏在弱光和无光下的出色阅读性能。,是一款全透液晶屏，需要背光源。屏幕背面没有反光镜，靠背光提供光源。在弱光、无光条件下表现良好；当环境光过强时，背光亮度严重不足。单纯依靠提高背光亮度，又会造成电量的急速损失。,,,,,
采用XXX背光，,,,,,,
显示效果好，相比于传统的CCFL背光源寿命更长，平均寿命达到10万小时以上。,无汞环保，符合欧盟成员国销售标准，是一款绿色液晶显示器。,内部驱动电压远低于CCFL，功耗和安全性均好于CCFL，电池续航时间更长。,亮度高，色域广，同时节能省电，是一款绿色环保产品。,,,
该款液晶屏采用XXX接口，亮度为YYY坎德拉(Cd/m2)，具有ZZZ的对比度。,采用XXX接口，此款产品的亮度为YYY坎德拉(Cd/m2)，对比度为ZZZ。,此显示屏的接口设计为XXX，同时具有ZZZ的对比度，能够提供YYY坎德拉(Cd/m2)的亮度。,,,,
操作温度为XXX度，储存温度为YYY度。,,,,,,
其大小为XXX，其质量为YYY克，节省了使用空间，适用于高密度集成电路。,此外，该产品的具体尺寸为XXX，同时重量仅为YYY克。,此产品适用于工业化的小型应用，体积参数为XXX，净重YYY克。,,,,
此外，该款液晶显示器能够提供XX/YY/ZZ/MM (Typ.)(CR≥10)（左/右/上/下）的可视角度，最佳观看角度为NN o'clock。,,,,,,
